City,Company Name or Owners's Name,Company Type,building,address,full_address,Lat,Lon
VANCOUVER,FRANK R. ADAMS,Abstracts:,,"525 Pender st., W.","525 Pender st., W., Vancouver, British Columbia, Canada",49.2803645,-123.1066918
VANCOUVER,LOUIS ALEXANDER,Abstracts:,807-8 Dom. Tr.,,"807-8 Dom. Tr., Vancouver, British Columbia, Canada",,
VANCOUVER,J. ALMOURE AGENCY,Abstracts:,,,,,
VANCOUVER,"BEVAN, GORE & ELIOT, Ltd.",Abstracts:,505 Metropolitan bldg.,,"505 Metropolitan bldg., Vancouver, British Columbia, Canada",,
VANCOUVER,DAVID B. BOYD,Abstracts:,6 Winch bldg.,,"6 Winch bldg., Vancouver, British Columbia, Canada",,
VANCOUVER,C. O. BRADSHAW,Abstracts:,610 Dom. Tr. bldg.,,"610 Dom. Tr. bldg., Vancouver, British Columbia, Canada",,
VANCOUVER,"BRITISH CANADIAN SECURITIES, Ltd.",Abstracts:,Dominion Trust bldg.,,"Dominion Trust bldg., Vancouver, British Columbia, Canada",,
VANCOUVER,BUNGALOW CONSTRUCTION ASS'N,Real Estate:,,416 Howe st.,"416 Howe st., Vancouver, British Columbia, Canada",49.2760324,-123.1298175
VANCOUVER,G. A. COULDERY,Real Estate:,,26th & Fraser,"26th & Fraser, Vancouver, British Columbia, Canada",49.2065795,-123.053882
VANCOUVER,THE DAVIDSON INVESTMENT CO.,Real Estate:,508 Pacific bldg.,,"508 Pacific bldg., Vancouver, British Columbia, Canada",,
VANCOUVER,"DOMINION STOCK & BOND CORP., Ltd.",Real Estate:,739 Hastings W.,,"739 Hastings W., Vancouver, British Columbia, Canada",49.2860107,-123.1143276
VANCOUVER,"EDSON TOWNSITE CO., Ltd.",Real Estate:,"47 Hastings st., W.",,"47 Hastings st., W., Vancouver, British Columbia, Canada",,
VANCOUVER,H. FORD,Real Estate:,315 Dom. Trust bldg.,,"315 Dom. Trust bldg., Vancouver, British Columbia, Canada",,
VANCOUVER,"FORTY ACRE FARMS, Ltd.",Real Estate:,110 Pacific bldg.,,"110 Pacific bldg., Vancouver, British Columbia, Canada",,
VANCOUVER,WALTER J. HOLDOM,Real Estate:,,"1697 Hastings st., E.","1697 Hastings st., E., Vancouver, British Columbia, Canada",49.2809271,-123.0546181
VANCOUVER,"INTERNATIONAL SECURITY CO., Ltd.",Real Estate:,Dominion Trust bldg.,,"Dominion Trust bldg., Vancouver, British Columbia, Canada",,
VANCOUVER,"ISLAND INVESTMENT CO., Ltd.",Real Estate:,,,,,
VANCOUVER,"W. J. KERR, Ltd.",Real Estate:,,,,,
VANCOUVER,"THE LOCATORS, Ltd.",Real Estate:,,,,,
VANCOUVER,LOUGHEED & CO.,Real Estate:,,2343 Main st.,"2343 Main st., Vancouver, British Columbia, Canada",49.2639797,-123.1011796
VANCOUVER,"MANITOBA LOAN & INVESTMENT CO., Ltd.",Real Estate:,Dominion Trust,,"Dominion Trust, Vancouver, British Columbia, Canada",,
VANCOUVER,G. ED PIERROT,Real Estate:,160 Bwdy. East,,"160 Bwdy. East, Vancouver, British Columbia, Canada",,
VANCOUVER,PIERROT & ELLIOTT,Real Estate:,160 Bdwy.,,"160 Bdwy., Vancouver, British Columbia, Canada",49.2616035,-122.9648051
VANCOUVER,PORT OF MANN LAND & INV. CO.,Real Estate:,807-808 Dom. Trust bldg.,,"807-808 Dom. Trust bldg., Vancouver, British Columbia, Canada",,
VANCOUVER,C. D. RAND,Real Estate:,"505 Hastings st., W.",,"505 Hastings st., W., Vancouver, British Columbia, Canada",,
VANCOUVER,E. H. ROOME,Real Estate:,"439 Pender st., W.",,"439 Pender st., W., Vancouver, British Columbia, Canada",49.2803645,-123.1066918
VANCOUVER,"STANDARD SECURITIES, Ltd.",Real Estate:,Pacific bldg.,,"Pacific bldg., Vancouver, British Columbia, Canada",49.0315705,-122.8684202
VANCOUVER,"J. C. THORN & CO., Ltd.",Real Estate:,312-3 Metropolitan bldg.,,"312-3 Metropolitan bldg., Vancouver, British Columbia, Canada",,
VANCOUVER,"F. N. TRITES CO., Ltd.",Real Estate:,359 Granville st.,,"359 Granville st., Vancouver, British Columbia, Canada",49.2667932,-123.1383828
VANCOUVER,"VANCOUVER ISLAND FRUIT & FARM LAND CO., Ltd.",Real Estate:,315 Dom. Tr. bldg.,,"315 Dom. Tr. bldg., Vancouver, British Columbia, Canada",,
VANCOUVER,WATSON & BOWEN,Real Estate:,707 Bk. of Ottawa bldg.,,"707 Bk. of Ottawa bldg., Vancouver, British Columbia, Canada",,
VANCOUVER,"WESTERN DOMINION LAND AND INVESTMENT CO., Ltd.",Real Estate:,505 Metropolitan bldg.,,"505 Metropolitan bldg., Vancouver, British Columbia, Canada",,
VANCOUVER,Adams & Robinson,Real Estate:,,1350 Park Drive,"1350 Park Drive, Vancouver, British Columbia, Canada",49.2170765,-123.1391987
VANCOUVER,Alberta Land Co.,Real Estate:,,863 Gran.,"863 Gran., Vancouver, British Columbia, Canada",,
VANCOUVER,Alexander & Anthony,Real Estate:,,"338 Pender, W.","338 Pender, W., Vancouver, British Columbia, Canada",49.2803645,-123.1066918
VANCOUVER,Louis Alexander,Real Estate:,Dom. Trust bldg.,,"Dom. Trust bldg., Vancouver, British Columbia, Canada",,
VANCOUVER,Alexander & Stone,Real Estate:,,"346 Pender, W.","346 Pender, W., Vancouver, British Columbia, Canada",49.2803645,-123.1066918
VANCOUVER,Alian Bros.,Real Estate:,,"510 Pender, W.","510 Pender, W., Vancouver, British Columbia, Canada",49.2840305,-123.1124355
VANCOUVER,Almas & Co.,Real Estate:,,"1468 Broadway, W.","1468 Broadway, W., Vancouver, British Columbia, Canada",,
VANCOUVER,R. B. Alty.,Real Estate:,,"198 Hast., W.","198 Hast., W., Vancouver, British Columbia, Canada",,
VANCOUVER,Alvo V. Alvensleben,Real Estate:,,"744 Hast., W.","744 Hast., W., Vancouver, British Columbia, Canada",,
VANCOUVER,Anderson & Clayton,Real Estate:,,1069 Gran.,"1069 Gran., Vancouver, British Columbia, Canada",,
VANCOUVER,Anglo-American Home Building Co.,Real Estate:,,"4th ave., W.","4th ave., W., Vancouver, British Columbia, Canada",49.1387808,-123.186974
VANCOUVER,Archer & Stephenson,Real Estate:,,"692 Broadway, W.","692 Broadway, W., Vancouver, British Columbia, Canada",,
VANCOUVER,James Armes,Real Estate:,,632 Victoria Drive,"632 Victoria Drive, Vancouver, British Columbia, Canada",49.2152159,-123.0660194
VANCOUVER,A. F. Arnold,Real Estate:,,632 Gran.,"632 Gran., Vancouver, British Columbia, Canada",,
VANCOUVER,Wm. Astley,Real Estate:,,402 Abbott,"402 Abbott, Vancouver, British Columbia, Canada",49.2817596,-123.107139
VANCOUVER,Wm. Astley,Real Estate:,,Beaconsfield Station,"Beaconsfield Station, Vancouver, British Columbia, Canada",,
VANCOUVER,Atkins & Stewart,Real Estate:,Dom. Trust bldg.,,"Dom. Trust bldg., Vancouver, British Columbia, Canada",,
VANCOUVER,R. A. & Percy A. S. Aubin,Real Estate:,,"142 Hast., W.","142 Hast., W., Vancouver, British Columbia, Canada",,
VANCOUVER,Auld & Cook,Real Estate:,,411⁄2 Homer,"411⁄2 Homer, Vancouver, British Columbia, Canada",49.2719091,-123.1264164
VANCOUVER,A. E. Austin & Co.,Real Estate:,,328 Gran.,"328 Gran., Vancouver, British Columbia, Canada",,
VANCOUVER,"Bailey, Telford & Co.",Real Estate:,,"319 Pender, W.","319 Pender, W., Vancouver, British Columbia, Canada",49.2803645,-123.1066918
VANCOUVER,John S. Bain,Real Estate:,,"342 Pender, W.","342 Pender, W., Vancouver, British Columbia, Canada",49.2803645,-123.1066918
VANCOUVER,W. P. Baker,Real Estate:,,1621 3d ave.,"1621 3d ave., Vancouver, British Columbia, Canada",,
VANCOUVER,John J. Banfield,Real Estate:,,607 Hast.,"607 Hast., Vancouver, British Columbia, Canada",,
VANCOUVER,"British Columbia Lands Ass'n, Ltd.",Real Estate:,,,,,
VANCOUVER,Barnes & Fowler,Real Estate:,,"25 Hast., W.","25 Hast., W., Vancouver, British Columbia, Canada",,
VANCOUVER,Barr & Humberstone,Real Estate:,,251 Homer,"251 Homer, Vancouver, British Columbia, Canada",49.2719091,-123.1264164
VANCOUVER,G. A. Barrett & Co.,Real Estate:,,"282 Hast., E.","282 Hast., E., Vancouver, British Columbia, Canada",,
VANCOUVER,Bartlett & Barber,Real Estate:,,532 Gran.,"532 Gran., Vancouver, British Columbia, Canada",,
VANCOUVER,Bates & Mair,Real Estate:,,582 Richards,"582 Richards, Vancouver, British Columbia, Canada",49.2765849,-123.1232626
VANCOUVER,F. W. Bauer,Real Estate:,,334 Gran.,"334 Gran., Vancouver, British Columbia, Canada",,
VANCOUVER,"B. C. Holmes Trust, Ltd.",Real Estate:,,"319 Pender, W.","319 Pender, W., Vancouver, British Columbia, Canada",49.2803645,-123.1066918
VANCOUVER,T. M. Beamish,Real Estate:,,"41 Hast., E.","41 Hast., E., Vancouver, British Columbia, Canada",,
VANCOUVER,Beaton & McNeill,Real Estate:,506 Richards,,"506 Richards, Vancouver, British Columbia, Canada",49.2765849,-123.1232626
VANCOUVER,A. M. Beattie,Real Estate:,"O. 25 Hast., E.",,"O. 25 Hast., E., Vancouver, British Columbia, Canada",,
VANCOUVER,H. Beeman,Real Estate:,532 Gran.,,"532 Gran., Vancouver, British Columbia, Canada",,
VANCOUVER,Belknap & Ferguson,Real Estate:,419 Richards,,"419 Richards, Vancouver, British Columbia, Canada",49.2765849,-123.1232626
VANCOUVER,H. Bell-Irving & Co.,Real Estate:,322 Richards,,"322 Richards, Vancouver, British Columbia, Canada",49.2765849,-123.1232626
VANCOUVER,W. G. Bender,Real Estate:,"429 Pender, W.",,"429 Pender, W., Vancouver, British Columbia, Canada",49.2803645,-123.1066918
VANCOUVER,W. E. Berry,Real Estate:,432 Homer,,"432 Homer, Vancouver, British Columbia, Canada",49.2828415,-123.1115921
VANCOUVER,"Bevan, Gore & Eliot",Real Estate:,"503 Pender, W.",,"503 Pender, W., Vancouver, British Columbia, Canada",49.2803645,-123.1066918
VANCOUVER,Black & McDonnell,Real Estate:,"60 Hast., W.",,"60 Hast., W., Vancouver, British Columbia, Canada",,
VANCOUVER,"Bledsoe, MacClinton Lands Co.",Real Estate:,"744 Hast., W.",,"744 Hast., W., Vancouver, British Columbia, Canada",,
VANCOUVER,W. Blijard,Real Estate:,2212 Cornwall,,"2212 Cornwall, Vancouver, British Columbia, Canada",49.2725039,-123.1499042
VANCOUVER,Bliss & Brandt,Real Estate:,721 Robson,,"721 Robson, Vancouver, British Columbia, Canada",49.2904787,-123.1337875
VANCOUVER,W. Blizard,Real Estate:,2212 Cornwall,,"2212 Cornwall, Vancouver, British Columbia, Canada",49.2725039,-123.1499042
VANCOUVER,Chas. A. Bodie & Co.,Real Estate:,"614 Pender, W.",,"614 Pender, W., Vancouver, British Columbia, Canada",49.2803645,-123.1066918
VANCOUVER,Lennard Bonthrone Co.,Real Estate:,739 Hast.,,"739 Hast., Vancouver, British Columbia, Canada",,
VANCOUVER,Borland & Trousdale,Real Estate:,108 West. W.,,"108 West. W., Vancouver, British Columbia, Canada",,
VANCOUVER,David B. Boyd,Real Estate:,739 Hast. W.,,"739 Hast. W., Vancouver, British Columbia, Canada",,
VANCOUVER,Boyd & Son,Real Estate:,1515 Broadway. W.,,"1515 Broadway. W., Vancouver, British Columbia, Canada",,
VANCOUVER,Braden & Dinwoody,Real Estate:,847 Gran.,,"847 Gran., Vancouver, British Columbia, Canada",,
VANCOUVER,C. O. Bradshaw,Real Estate:,Dom. Trust bldg.,,"Dom. Trust bldg., Vancouver, British Columbia, Canada",,
VANCOUVER,Brandon Real Estate,Real Estate:,25th ave.,,"25th ave., Vancouver, British Columbia, Canada",49.2478979,-123.042514
VANCOUVER,T. F. Brenton & Co.,Real Estate:,320 Homer,,"320 Homer, Vancouver, British Columbia, Canada",49.2719091,-123.1264164
VANCOUVER,W. H. Brett,Real Estate:,413 Gran.,,"413 Gran., Vancouver, British Columbia, Canada",,
VANCOUVER,E. R. Bricknell,Real Estate:,"2296 4th ave., W.",,"2296 4th ave., W., Vancouver, British Columbia, Canada",,
VANCOUVER,E. R. Bricknell,Real Estate:,"2300 4th ave., W.",,"2300 4th ave., W., Vancouver, British Columbia, Canada",,
VANCOUVER,"British American Trust Co., Ltd.",Real Estate:,198 Hast.,,"198 Hast., Vancouver, British Columbia, Canada",,
VANCOUVER,British Columbia Lands Association,Real Estate:,"12 Hast., E.",,"12 Hast., E., Vancouver, British Columbia, Canada",,
VANCOUVER,Broadhurst & Whitaker,Real Estate:,Cedar Cottage,,"Cedar Cottage, Vancouver, British Columbia, Canada",49.2333896,-123.0664846
VANCOUVER,Broderick & Jackson,Real Estate:,Cedar Cottage,,"Cedar Cottage, Vancouver, British Columbia, Canada",49.2333896,-123.0664846
VANCOUVER,Brown Bros.,Real Estate:,"412 Hast., W.",,"412 Hast., W., Vancouver, British Columbia, Canada",,
VANCOUVER,"D. E. Brown & Macaulay, Ltd.",Real Estate:,585 Gran.,,"585 Gran., Vancouver, British Columbia, Canada",,
VANCOUVER,Brown Realty Co.,Real Estate:,603 Victoria Drive,,"603 Victoria Drive, Vancouver, British Columbia, Canada",49.2152159,-123.0660194
VANCOUVER,W. G. Browne,Real Estate:,1152 Gran.,,"1152 Gran., Vancouver, British Columbia, Canada",,
VANCOUVER,Bridge Street Realty Co.,Real Estate:,2507 Bridge,,"2507 Bridge, Vancouver, British Columbia, Canada",,
VANCOUVER,"British Canadian Securities, Ltd.",Real Estate:,Dom. Trust bldg.,,"Dom. Trust bldg., Vancouver, British Columbia, Canada",,
VANCOUVER,"W. H. Burley, Co.",Real Estate:,423 Ham.,,"423 Ham., Vancouver, British Columbia, Canada",,
VANCOUVER,"Frank Burnett, Jr.",Real Estate:,632 Gran.,,"632 Gran., Vancouver, British Columbia, Canada",,
VANCOUVER,Burton & Davidson,Real Estate:,2300 Gran.,,"2300 Gran., Vancouver, British Columbia, Canada",,
VANCOUVER,H. Byford,Real Estate:,North Arm Rd.,,"North Arm Rd., Vancouver, British Columbia, Canada",49.2047603,-123.0357388
VANCOUVER,Collingwood Land Co.,Real Estate:,O. Collingwood.,,"O. Collingwood., Vancouver, British Columbia, Canada",49.2341639,-123.0358605
VANCOUVER,Arthur Cackett,Real Estate:,1820 Main,,"1820 Main, Vancouver, British Columbia, Canada",,
VANCOUVER,Alex. Calder,Real Estate:,"2600 Hast., E.",,"2600 Hast., E., Vancouver, British Columbia, Canada",,
VANCOUVER,D. Caldwell,Real Estate:,323 Homer,,"323 Homer, Vancouver, British Columbia, Canada",49.2719091,-123.1264164
VANCOUVER,T. H. Calland & Co.,Real Estate:,732 Hast. W.,,"732 Hast. W., Vancouver, British Columbia, Canada",,
VANCOUVER,"Cameron, Plumton & Elliott",Real Estate:,"Hast., E.",,"Hast., E., Vancouver, British Columbia, Canada",,
VANCOUVER,Canadian Invest. Co.,Real Estate:,80 Hast.,,"80 Hast., Vancouver, British Columbia, Canada",,
VANCOUVER,Canadian Securities & Investment Co.,Real Estate:,522 Pender,,"522 Pender, Vancouver, British Columbia, Canada",49.2835634,-123.113383
VANCOUVER,Canada India Supply & Trust Co.,Real Estate:,"139 Pender, E.",,"139 Pender, E., Vancouver, British Columbia, Canada",49.2802214,-123.049929
VANCOUVER,Canada Punjab Investment Co.,Real Estate:,1923 Gran.,,"1923 Gran., Vancouver, British Columbia, Canada",,
VANCOUVER,Canada's Real Estate Exchange,Real Estate:,311 Cambie,,"311 Cambie, Vancouver, British Columbia, Canada",49.2466847,-123.120915
VANCOUVER,Canadian Japanese Development Co.,Real Estate:,360 Powell,,"360 Powell, Vancouver, British Columbia, Canada",49.2847554,-123.0659343
VANCOUVER,Canadian National Estates,Real Estate:,423 Ham,,"423 Ham, Vancouver, British Columbia, Canada",,
VANCOUVER,"Canadian National Investors, Ltd.",Real Estate:,"310 Hast., W.",,"310 Hast., W., Vancouver, British Columbia, Canada",,
VANCOUVER,W. Carlton,Real Estate:,419 Richards,,"419 Richards, Vancouver, British Columbia, Canada",49.2765849,-123.1232626
VANCOUVER,"Carnsew, Dickinson & Co.",Real Estate:,333 Cambie,,"333 Cambie, Vancouver, British Columbia, Canada",49.2466847,-123.120915
VANCOUVER,Robt. J. Casement,Real Estate:,439 Richards,,"439 Richards, Vancouver, British Columbia, Canada",49.2765849,-123.1232626
VANCOUVER,Cawley & Cruikshank,Real Estate:,543 Gran.,,"543 Gran., Vancouver, British Columbia, Canada",,
VANCOUVER,Cedar Cottage Realty Co.,Real Estate:,Cedar Cottage,,"Cedar Cottage, Vancouver, British Columbia, Canada",49.2333896,-123.0664846
VANCOUVER,Central Real Estate Co.,Real Estate:,"353 Pender, W.",,"353 Pender, W., Vancouver, British Columbia, Canada",49.2803645,-123.1066918
VANCOUVER,"Ceperley, Rounsefell Co., Ltd.",Real Estate:,431 Sey- mour,,"431 Sey- mour, Vancouver, British Columbia, Canada",,
VANCOUVER,J. W. Chanler,Real Estate:,"619 Hast., W.",,"619 Hast., W., Vancouver, British Columbia, Canada",,
VANCOUVER,John M. Chappell,Real Estate:,"443 Pender, W.",,"443 Pender, W., Vancouver, British Columbia, Canada",49.2883111,-123.122545
VANCOUVER,S. Chatwin,Real Estate:,"544 Pender, W.",,"544 Pender, W., Vancouver, British Columbia, Canada",49.2803645,-123.1066918
VANCOUVER,A. E. Chilcott,Real Estate:,"160 Hast., W.",,"160 Hast., W., Vancouver, British Columbia, Canada",,
VANCOUVER,City Brokerage Co.,Real Estate:,432 Main,,"432 Main, Vancouver, British Columbia, Canada",,
VANCOUVER,City Brokerage Co.,Real Estate:,Broadway & Main,,"Broadway & Main, Vancouver, British Columbia, Canada",,
VANCOUVER,City Market Brokerage,Real Estate:,1500 Main,,"1500 Main, Vancouver, British Columbia, Canada",,
VANCOUVER,City & Suburban Land Co.,Real Estate:,415 Richards,,"415 Richards, Vancouver, British Columbia, Canada",49.2765849,-123.1232626
VANCOUVER,Fred W. Clarke,Real Estate:,445 Gran.,,"445 Gran., Vancouver, British Columbia, Canada",,
VANCOUVER,W. H. Clarke,Real Estate:,"615 Pender, W.",,"615 Pender, W., Vancouver, British Columbia, Canada",49.2803645,-123.1066918
VANCOUVER,Clarke & Thornton,Real Estate:,514 Richards,,"514 Richards, Vancouver, British Columbia, Canada",49.2765849,-123.1232626
VANCOUVER,R. S. Clayton,Real Estate:,"615 Pender, W.",,"615 Pender, W., Vancouver, British Columbia, Canada",49.2803645,-123.1066918
VANCOUVER,Clements & Heyward,Real Estate:,"435 Pender, W.",,"435 Pender, W., Vancouver, British Columbia, Canada",49.2803645,-123.1066918
VANCOUVER,"Cluff, Morrison & Co.",Real Estate:,618 Robson,,"618 Robson, Vancouver, British Columbia, Canada",49.2904787,-123.1337875
VANCOUVER,Coast Realty Co.,Real Estate:,Dom. Trust bldg.,,"Dom. Trust bldg., Vancouver, British Columbia, Canada",,
VANCOUVER,Jos. A. Coldwell,Real Estate:,622 Gran.,,"622 Gran., Vancouver, British Columbia, Canada",,
VANCOUVER,Percy J. S. Cole,Real Estate:,"522 Pender, W.",,"522 Pender, W., Vancouver, British Columbia, Canada",49.2803645,-123.1066918
VANCOUVER,R. J. Coleman,Real Estate:,"135 Hast., W.",,"135 Hast., W., Vancouver, British Columbia, Canada",,
VANCOUVER,Collingwood Land Co.,Real Estate:,"Collingwood, E.",,"Collingwood, E., Vancouver, British Columbia, Canada",49.2341639,-123.0358605
VANCOUVER,Ben S. Collins,Real Estate:,"535 Pender, W.",,"535 Pender, W., Vancouver, British Columbia, Canada",49.2883111,-123.122545
VANCOUVER,J. A. Collinson,Real Estate:,"240 Hast., W.",,"240 Hast., W., Vancouver, British Columbia, Canada",,
VANCOUVER,Commercial Brokerage,Real Estate:,341 Cambie,,"341 Cambie, Vancouver, British Columbia, Canada",49.2466847,-123.120915
VANCOUVER,Commercial Investment Co.,Real Estate:,Dom. Trust,,"Dom. Trust, Vancouver, British Columbia, Canada",,
VANCOUVER,Hugh Condren & Co.,Real Estate:,1100 Barnard,,"1100 Barnard, Vancouver, British Columbia, Canada",49.2077782,-123.1452032
VANCOUVER,Chas. V. Coombs & Co.,Real Estate:,1706 Park Drive,,"1706 Park Drive, Vancouver, British Columbia, Canada",49.2170765,-123.1391987
VANCOUVER,Copp & Baynes,Real Estate:,"350 Pender, W.",,"350 Pender, W., Vancouver, British Columbia, Canada",49.2803645,-123.1066918
VANCOUVER,Copp & Mutch,Real Estate:,548 Main,,"548 Main, Vancouver, British Columbia, Canada",,
VANCOUVER,Corbet & Donald,Real Estate:,"537 Pender, W.",,"537 Pender, W., Vancouver, British Columbia, Canada",49.2883111,-123.122545
VANCOUVER,Cottrell Investment Co.,Real Estate:,313 Homer,,"313 Homer, Vancouver, British Columbia, Canada",49.2719091,-123.1264164
VANCOUVER,D. R. Cowan,Real Estate:,1007 Davie,,"1007 Davie, Vancouver, British Columbia, Canada",49.2818026,-123.133288
VANCOUVER,Jas. H. Craig,Real Estate:,1150 Gran.,,"1150 Gran., Vancouver, British Columbia, Canada",,
VANCOUVER,W. J. Crawford,Real Estate:,1802 Powell,,"1802 Powell, Vancouver, British Columbia, Canada",49.2847554,-123.0659343
VANCOUVER,A. McC. Creery,Real Estate:,326 Richards,,"326 Richards, Vancouver, British Columbia, Canada",49.2765849,-123.1232626
VANCOUVER,Croft & Ashby,Real Estate:,"739 Hast., W.",,"739 Hast., W., Vancouver, British Columbia, Canada",,
VANCOUVER,A. Cross & Son,Real Estate:,"535 Broadway, W.",,"535 Broadway, W., Vancouver, British Columbia, Canada",,
VANCOUVER,Crown Invest. Co.,Real Estate:,3332 Main,,"3332 Main, Vancouver, British Columbia, Canada",,
VANCOUVER,Crown Realty Co.,Real Estate:,"615 Pender, W.",,"615 Pender, W., Vancouver, British Columbia, Canada",49.2803645,-123.1066918
VANCOUVER,A. W. Cruise & Co.,Real Estate:,445 Homer,,"445 Homer, Vancouver, British Columbia, Canada",49.2719091,-123.1264164
VANCOUVER,A. A. Davidson,Real Estate:,"150 Hast., W.",,"150 Hast., W., Vancouver, British Columbia, Canada",,
VANCOUVER,Davidson & McRate,Real Estate:,"18 Hast., W.",,"18 Hast., W., Vancouver, British Columbia, Canada",,
VANCOUVER,Jas. Dawe & Co.,Real Estate:,543 Gran.,,"543 Gran., Vancouver, British Columbia, Canada",,
VANCOUVER,Dearing-Gordon Co.,Real Estate:,"429 Pender, W.",,"429 Pender, W., Vancouver, British Columbia, Canada",49.2803645,-123.1066918
VANCOUVER,Den Real Estate,Real Estate:,1178 Denman,,"1178 Denman, Vancouver, British Columbia, Canada",49.2894222,-123.1386366
VANCOUVER,John E. Dennis,Real Estate:,333 Cambie,,"333 Cambie, Vancouver, British Columbia, Canada",49.2466847,-123.120915
VANCOUVER,A. N. DeVaz,Real Estate:,230 Broadway W.,,"230 Broadway W., Vancouver, British Columbia, Canada",,
VANCOUVER,Harry T. Devine,Real Estate:,437 Seymour,,"437 Seymour, Vancouver, British Columbia, Canada",49.2786166,-123.1220417
VANCOUVER,Dick Bros.,Real Estate:,715 Geo.,,"715 Geo., Vancouver, British Columbia, Canada",49.0329787,-122.7770448
VANCOUVER,F. Dodson & Co.,Real Estate:,531 Richards,,"531 Richards, Vancouver, British Columbia, Canada",49.2765849,-123.1232626
VANCOUVER,Doherty & Wyatt,Real Estate:,709 Dunsmuir,,"709 Dunsmuir, Vancouver, British Columbia, Canada",49.2771225,-123.098039
VANCOUVER,Dom. Brokerage Co.,Real Estate:,521½ Pen.. W.,,"521½ Pen.. W., Vancouver, British Columbia, Canada",,
VANCOUVER,Dom. Brokerage Co.,Real Estate:,Westr. Rd.,,"Westr. Rd., Vancouver, British Columbia, Canada",,
VANCOUVER,Dom. Investors' Corp.,Real Estate:,Dom. Tr. bldg,,"Dom. Tr. bldg, Vancouver, British Columbia, Canada",,
VANCOUVER,C. S. Douglas & Co.,Real Estate:,"501 Pend., W.",,"501 Pend., W., Vancouver, British Columbia, Canada",,
VANCOUVER,"Dow, Fraser & Co., Ltd.",Real Estate:,321 Cam.,,"321 Cam., Vancouver, British Columbia, Canada",,
VANCOUVER,H. C. Drummond,Real Estate:,"739 Hast., W.",,"739 Hast., W., Vancouver, British Columbia, Canada",,
VANCOUVER,Duke & Steeves,Real Estate:,543 Gran.,,"543 Gran., Vancouver, British Columbia, Canada",,
VANCOUVER,C. T. Dunbar,Real Estate:,"739 Hast., W.",,"739 Hast., W., Vancouver, British Columbia, Canada",,
VANCOUVER,Dunbar Invest. Co.,Real Estate:,"739 Hast., W.",,"739 Hast., W., Vancouver, British Columbia, Canada",,
VANCOUVER,Jas. Duncan,Real Estate:,414 Main,,"414 Main, Vancouver, British Columbia, Canada",,
VANCOUVER,"Jas. Duncan, Scott & Broadway",Real Estate:,,,,,
VANCOUVER,R. J. Duncan,Real Estate:,437 Homer,,"437 Homer, Vancouver, British Columbia, Canada",49.2719091,-123.1264164
VANCOUVER,Duthie & Wishart,Real Estate:,"520 Pender, W.",,"520 Pender, W., Vancouver, British Columbia, Canada",49.2803645,-123.1066918
VANCOUVER,F. W. Dyke,Real Estate:,543 Gran.,,"543 Gran., Vancouver, British Columbia, Canada",,
VANCOUVER,Jas. Eadie & Son,Real Estate:,434 Richards,,"434 Richards, Vancouver, British Columbia, Canada",49.2835248,-123.1124757
VANCOUVER,J. L. Eakin,Real Estate:,423 Ham.,,"423 Ham., Vancouver, British Columbia, Canada",,
VANCOUVER,East End Real Estate Co.,Real Estate:,245 Hast. E.,,"245 Hast. E., Vancouver, British Columbia, Canada",,
VANCOUVER,Easfeld & O'Callaghan,Real Estate:,"150 Hast., W.",,"150 Hast., W., Vancouver, British Columbia, Canada",,
VANCOUVER,Ernest Ebbage,Real Estate:,632 Gran.,,"632 Gran., Vancouver, British Columbia, Canada",,
VANCOUVER,C. Nelson Ecclestone,Real Estate:,"615 Hast., W.",,"615 Hast., W., Vancouver, British Columbia, Canada",,
VANCOUVER,Eden Realty Exchange,Real Estate:,"412 Hast., W.",,"412 Hast., W., Vancouver, British Columbia, Canada",,
VANCOUVER,Edmonton Securities Co.,Real Estate:,"146 Hast., W.",,"146 Hast., W., Vancouver, British Columbia, Canada",,
VANCOUVER,Edson Syndicate,Real Estate:,334 Hast. W.,,"334 Hast. W., Vancouver, British Columbia, Canada",,
VANCOUVER,C. S. Edwards,Real Estate:,"739 Hast., W.",,"739 Hast., W., Vancouver, British Columbia, Canada",,
VANCOUVER,G. F. Edwards,Real Estate:,532 Gran.,,"532 Gran., Vancouver, British Columbia, Canada",,
VANCOUVER,Fields & May,Real Estate:,,"508 Pender, W.","508 Pender, W., Vancouver, British Columbia, Canada",49.2803645,-123.1066918
VANCOUVER,Filmer & Evans,Real Estate:,,"432 Pender, W.","432 Pender, W., Vancouver, British Columbia, Canada",49.2803645,-123.1066918
VANCOUVER,Walter Findlay,Real Estate:,,2132 Dundas,"2132 Dundas, Vancouver, British Columbia, Canada",49.2848189,-123.0465703
VANCOUVER,W. C. Findlay,Real Estate:,,632 Gran.,"632 Gran., Vancouver, British Columbia, Canada",,
VANCOUVER,"Fire Valley Orchards, Ltd.",Real Estate:,,532 Gran.,"532 Gran., Vancouver, British Columbia, Canada",,
VANCOUVER,Fisch & Morrison,Real Estate:,,"317 Cord, W.","317 Cord, W., Vancouver, British Columbia, Canada",,
VANCOUVER,A. P. Fisher,Real Estate:,,"310 Hast., W.","310 Hast., W., Vancouver, British Columbia, Canada",,
VANCOUVER,Flack Estate,Real Estate:,,"163 Hast., W.","163 Hast., W., Vancouver, British Columbia, Canada",,
VANCOUVER,Fletcher & Hayward,Real Estate:,,Collingwood,"Collingwood, Vancouver, British Columbia, Canada",49.2341639,-123.0358605
VANCOUVER,Fletcher & Hayward,Real Estate:,,"Collingwood, E.","Collingwood, E., Vancouver, British Columbia, Canada",49.2341639,-123.0358605
VANCOUVER,W. E. Flumerfelt,Real Estate:,,"522 Pender, W.","522 Pender, W., Vancouver, British Columbia, Canada",49.2803645,-123.1066918
VANCOUVER,"Foley, Gillis & Co.",Real Estate:,,320 Richards,"320 Richards, Vancouver, British Columbia, Canada",49.2795899,-123.1187231
VANCOUVER,J. B. Foley,Real Estate:,,"694 16th ave., W.","694 16th ave., W., Vancouver, British Columbia, Canada",49.2581186,-123.192311
VANCOUVER,T. F. Foley,Real Estate:,Dom. Trust bldg.,,"Dom. Trust bldg., Vancouver, British Columbia, Canada",,
VANCOUVER,R. S. Forbes,Real Estate:,,"118 Hast., W.","118 Hast., W., Vancouver, British Columbia, Canada",,
VANCOUVER,Forbes & MacKinley,Real Estate:,,625 Pender,"625 Pender, Vancouver, British Columbia, Canada",49.2824524,-123.1114388
VANCOUVER,S. H. FORD,Real Estate:,,"619 Hast., W.","619 Hast., W., Vancouver, British Columbia, Canada",,
VANCOUVER,D. Forrest,Real Estate:,,1812 Powell,"1812 Powell, Vancouver, British Columbia, Canada",49.2835561,-123.0722
VANCOUVER,Forrest & Ross,Real Estate:,,1812 Powell,"1812 Powell, Vancouver, British Columbia, Canada",49.2835561,-123.0722
VANCOUVER,Horace B. Foster,Real Estate:,,517 Pender. W.,"517 Pender. W., Vancouver, British Columbia, Canada",49.2824524,-123.1114388
VANCOUVER,H. E. B. Foster,Real Estate:,,"198 Hast., W.","198 Hast., W., Vancouver, British Columbia, Canada",,
VANCOUVER,"T. H. Foster & Co., Ltd.",Real Estate:,,"538 Pender, W.","538 Pender, W., Vancouver, British Columbia, Canada",49.2855275,-123.115849
VANCOUVER,Foster & Fisher,Real Estate:,,"310 Hast., W.","310 Hast., W., Vancouver, British Columbia, Canada",,
VANCOUVER,Fourth Ave. Realty,Real Estate:,,"2302 4th ave., W.","2302 4th ave., W., Vancouver, British Columbia, Canada",,
VANCOUVER,A. O. P. Francis,Real Estate:,,Gran.,"Gran., Vancouver, British Columbia, Canada",,
VANCOUVER,M. H. Franklin & Co.,Real Estate:,,449 Pender W.,"449 Pender W., Vancouver, British Columbia, Canada",49.2824524,-123.1114388
VANCOUVER,"Fraser, Fraser & Co.",Real Estate:,,739 Hast. W.,"739 Hast. W., Vancouver, British Columbia, Canada",,
VANCOUVER,Fraser Realty Co.,Real Estate:,,North Arm rd.,"North Arm rd., Vancouver, British Columbia, Canada",49.2041708,-123.0342808
VANCOUVER,P. Frazier & Co.,Real Estate:,,739 Hast. W.,"739 Hast. W., Vancouver, British Columbia, Canada",,
VANCOUVER,Henry Freund,Real Estate:,,119 Hast. W.,"119 Hast. W., Vancouver, British Columbia, Canada",,
VANCOUVER,K. Z. Fukunaga,Real Estate:,,244 Powell,"244 Powell, Vancouver, British Columbia, Canada",49.2835561,-123.0722
VANCOUVER,F. J. Furnival,Real Estate:,,62½ Pender W.,"62½ Pender W., Vancouver, British Columbia, Canada",49.2824524,-123.1114388
VANCOUVER,F. W. Furse,Real Estate:,,2210 Gran.,"2210 Gran., Vancouver, British Columbia, Canada",,
VANCOUVER,Gardom Bros.,Real Estate:,,800 Gran.,"800 Gran., Vancouver, British Columbia, Canada",,
VANCOUVER,Geo. D. Gavin,Real Estate:,Dom. Trust bldg.,,"Dom. Trust bldg., Vancouver, British Columbia, Canada",,
VANCOUVER,"General Securities Co., Ltd.",Real Estate:,,441 Richards,"441 Richards, Vancouver, British Columbia, Canada",49.2795899,-123.1187231
VANCOUVER,George & Demmings,Real Estate:,,817 Gran.,"817 Gran., Vancouver, British Columbia, Canada",,
VANCOUVER,Georgia Real Estate,Real Estate:,,544 Geo.,"544 Geo., Vancouver, British Columbia, Canada",49.0329787,-122.7770448
VANCOUVER,J. Gibbens,Real Estate:,,1869 Powell,"1869 Powell, Vancouver, British Columbia, Canada",49.2847968,-123.0662353
VANCOUVER,P. C. Gibbens,Real Estate:,,1921 Powell,"1921 Powell, Vancouver, British Columbia, Canada",49.2835561,-123.0722
VANCOUVER,J. L. Gibson,Real Estate:,,1022 Park Drive,"1022 Park Drive, Vancouver, British Columbia, Canada",49.2166079,-123.1375562
VANCOUVER,Giffin Co.,Real Estate:,,2267 York,"2267 York, Vancouver, British Columbia, Canada",49.2234235,-123.1279665
VANCOUVER,H. J. Gilbert,Real Estate:,,310 Richards,"310 Richards, Vancouver, British Columbia, Canada",49.2795899,-123.1187231
VANCOUVER,Mungo Gillespie,Real Estate:,,429 Pender W.,"429 Pender W., Vancouver, British Columbia, Canada",49.2832609,-123.1122258
VANCOUVER,Gillespies' Limited,Real Estate:,Dom. Trust bldg.,,"Dom. Trust bldg., Vancouver, British Columbia, Canada",,
VANCOUVER,Jas. W. Gilmer,Real Estate:,Dom. Trust bldg.,,"Dom. Trust bldg., Vancouver, British Columbia, Canada",,
VANCOUVER,Maurice Gintzburger,Real Estate:,,429 Pender W.,"429 Pender W., Vancouver, British Columbia, Canada",49.2832609,-123.1122258
VANCOUVER,"S. Gintzburger, Ltd.",Real Estate:,,161 Cord. W.,"161 Cord. W., Vancouver, British Columbia, Canada",,
VANCOUVER,Glascow Real Estate,Real Estate:,,142 Hast. W.,"142 Hast. W., Vancouver, British Columbia, Canada",,
VANCOUVER,H. Goddard & Son,Real Estate:,,321 Pender W.,"321 Pender W., Vancouver, British Columbia, Canada",49.2825152,-123.1112958
VANCOUVER,H. Goddard & Son,Real Estate:,,Cedar Cottage,"Cedar Cottage, Vancouver, British Columbia, Canada",49.2333896,-123.0664846
VANCOUVER,Gold Lots,Real Estate:,,Main,"Main, Vancouver, British Columbia, Canada",,
VANCOUVER,Golden Brokerage,Real Estate:,,320 Columbia,"320 Columbia, Vancouver, British Columbia, Canada",49.3071588,-123.033275
VANCOUVER,Goodlad & Goodlad,Real Estate:,,1124 Park Drive,"1124 Park Drive, Vancouver, British Columbia, Canada",49.2166079,-123.1375562
VANCOUVER,A. W. Goodrich & Co.,Real Estate:,,2450 Main,"2450 Main, Vancouver, British Columbia, Canada",,
VANCOUVER,Goodyear & Mathieson,Real Estate:,,604 Pender W.,"604 Pender W., Vancouver, British Columbia, Canada",49.2824524,-123.1114388
VANCOUVER,Graham & Lumley,Real Estate:,,1901 Hast. E.,"1901 Hast. E., Vancouver, British Columbia, Canada",,
VANCOUVER,Grand Trunk Lands Co.,Real Estate:,,739 Hast. W.,"739 Hast. W., Vancouver, British Columbia, Canada",,
VANCOUVER,C. Gray,Real Estate:,,533 Pender W.,"533 Pender W., Vancouver, British Columbia, Canada",49.2824524,-123.1114388
VANCOUVER,Gray & Findlay,Real Estate:,,502 Pender W.,"502 Pender W., Vancouver, British Columbia, Canada",49.2824524,-123.1114388
VANCOUVER,Green & McLean,Real Estate:,,413 Gran.,"413 Gran., Vancouver, British Columbia, Canada",,
VANCOUVER,D. W. Grimmett,Real Estate:,,3324 Main,"3324 Main, Vancouver, British Columbia, Canada",,
VANCOUVER,J. F. Grimmett & Son,Real Estate:,,3350 Main,"3350 Main, Vancouver, British Columbia, Canada",,
VANCOUVER,C. E. Haggarty & Co.,Real Estate:,,449½ Pender W.,"449½ Pender W., Vancouver, British Columbia, Canada",49.2824524,-123.1114388
VANCOUVER,J. Z. Hall,Real Estate:,,734 Hast. W.,"734 Hast. W., Vancouver, British Columbia, Canada",,
VANCOUVER,"Hall, Mills & McGillivray",Real Estate:,,25 Hast. E,"25 Hast. E, Vancouver, British Columbia, Canada",,
VANCOUVER,Hamilton & Mathers,Real Estate:,,402 Abbott,"402 Abbott, Vancouver, British Columbia, Canada",49.2817596,-123.107139
VANCOUVER,Hampton & Co.,Real Estate:,,532 Gran.,"532 Gran., Vancouver, British Columbia, Canada",,
VANCOUVER,Harford Bros.,Real Estate:,,3106 Westr. Rd.,"3106 Westr. Rd., Vancouver, British Columbia, Canada",,
VANCOUVER,Jas. Harper,Real Estate:,,315 Cambie,"315 Cambie, Vancouver, British Columbia, Canada",49.2832973,-123.1093971
VANCOUVER,Harris St. Brokerage Co.,Real Estate:,,209 Harris,"209 Harris, Vancouver, British Columbia, Canada",,
VANCOUVER,F. J. Hart & Co.,Real Estate:,,134 Hast. W.,"134 Hast. W., Vancouver, British Columbia, Canada",,
VANCOUVER,R. G. Harvey,Real Estate:,,420 Cambie,"420 Cambie, Vancouver, British Columbia, Canada",49.2820588,-123.109574
VANCOUVER,Haslett & Whitaker,Real Estate:,,739 Hast. W.,"739 Hast. W., Vancouver, British Columbia, Canada",,
VANCOUVER,E. A. Haswell,Real Estate:,,614 Hast. W.,"614 Hast. W., Vancouver, British Columbia, Canada",,
VANCOUVER,Hazlett Brokerage Co.,Real Estate:,,"617 15th ave., E.","617 15th ave., E., Vancouver, British Columbia, Canada",,
VANCOUVER,V. H. Helm,Real Estate:,,47 Hast. W.,"47 Hast. W., Vancouver, British Columbia, Canada",,
VANCOUVER,Helm & Stephenson,Real Estate:,,47 Hast. W.,"47 Hast. W., Vancouver, British Columbia, Canada",,
VANCOUVER,Henderson & Vogel,Real Estate:,,320 Homer,"320 Homer, Vancouver, British Columbia, Canada",49.2789421,-123.1177163
VANCOUVER,Andrew W. Hendry,Real Estate:,Dom. Trust bldg.,,"Dom. Trust bldg., Vancouver, British Columbia, Canada",,
VANCOUVER,Hennessey & Bouchard,Real Estate:,,160 Hast W.,"160 Hast W., Vancouver, British Columbia, Canada",,
VANCOUVER,"Herd, James & Co.",Real Estate:,,3701 Hast. E.,"3701 Hast. E., Vancouver, British Columbia, Canada",,
VANCOUVER,Herman House Co.,Real Estate:,,"407 Pender, W.","407 Pender, W., Vancouver, British Columbia, Canada",49.2803645,-123.1066918
VANCOUVER,A. E. Higginbotham,Real Estate:,,514 Broadway W.,"514 Broadway W., Vancouver, British Columbia, Canada",,
VANCOUVER,Hill & Wall,Real Estate:,,46 Hast. E.,"46 Hast. E., Vancouver, British Columbia, Canada",,
VANCOUVER,Hillcrest R. E. Co.,Real Estate:,,O. 4129 Main,"O. 4129 Main, Vancouver, British Columbia, Canada",,
VANCOUVER,H. R. Hitchcock,Real Estate:,,344 Pender W.,"344 Pender W., Vancouver, British Columbia, Canada",49.2825343,-123.111842
VANCOUVER,Hogg & Mulholland,Real Estate:,,615 Hast. W.,"615 Hast. W., Vancouver, British Columbia, Canada",,
VANCOUVER,Wm. Holden,Real Estate:,,333 Homer,"333 Homer, Vancouver, British Columbia, Canada",49.2789421,-123.1177163
VANCOUVER,Holmes & Kearney,Real Estate:,,337 Carrall,"337 Carrall, Vancouver, British Columbia, Canada",49.2837407,-123.104316
VANCOUVER,Home Estate Co.,Real Estate:,,334 Hast. W.,"334 Hast. W., Vancouver, British Columbia, Canada",,
VANCOUVER,Home Life Association,Real Estate:,,413 Gran.,"413 Gran., Vancouver, British Columbia, Canada",,
VANCOUVER,H. F. Honsberger,Real Estate:,,1840 Powell,"1840 Powell, Vancouver, British Columbia, Canada",49.2835561,-123.0722
VANCOUVER,Hood Bros.,Real Estate:,,519 Pender W.,"519 Pender W., Vancouver, British Columbia, Canada",49.2836356,-123.1130258
VANCOUVER,Hope Land & Imp. Co.,Real Estate:,Dom. Trust bldg.,,"Dom. Trust bldg., Vancouver, British Columbia, Canada",,
VANCOUVER,R. B. Horton,Real Estate:,,413 Gran.,"413 Gran., Vancouver, British Columbia, Canada",,
VANCOUVER,"Hose Invest. Co., Ltd.",Real Estate:,,198 Hast. W.,"198 Hast. W., Vancouver, British Columbia, Canada",,
VANCOUVER,Reginald E. Hose,Real Estate:,,417 Cord. W.,"417 Cord. W., Vancouver, British Columbia, Canada",,
VANCOUVER,Hoseason & Claridge,Real Estate:,,322 Pender W.,"322 Pender W., Vancouver, British Columbia, Canada",49.2824524,-123.1114388
VANCOUVER,A. E. Howard & Co.,Real Estate:,,744 Hast. W.,"744 Hast. W., Vancouver, British Columbia, Canada",,
VANCOUVER,S. L. Howe,Real Estate:,,709 Geo.,"709 Geo., Vancouver, British Columbia, Canada",49.0329787,-122.7770448
VANCOUVER,"Howe Sound Northern Development Co., Ltd.",Real Estate:,,198 Hast. W.,"198 Hast. W., Vancouver, British Columbia, Canada",,
VANCOUVER,C. S. Hubbs,Real Estate:,,744 Hast. W.,"744 Hast. W., Vancouver, British Columbia, Canada",,
VANCOUVER,"Hurry, Page & Knight",Real Estate:,,163 Hast.,"163 Hast., Vancouver, British Columbia, Canada",,
VANCOUVER,T. Hurst,Real Estate:,Dom. Trust bldg.,,"Dom. Trust bldg., Vancouver, British Columbia, Canada",,
VANCOUVER,Garner Hutchinson,Real Estate:,,317 Cord W,"317 Cord W, Vancouver, British Columbia, Canada",,
VANCOUVER,Hyndman & Kirkpatrick,Real Estate:,,2460 Main,"2460 Main, Vancouver, British Columbia, Canada",,
VANCOUVER,Illingworth & Murphy,Real Estate:,,1532 Gran,"1532 Gran, Vancouver, British Columbia, Canada",,
VANCOUVER,"Imperial Investment Co., Ltd.",Real Estate:,,2313 Main,"2313 Main, Vancouver, British Columbia, Canada",,
VANCOUVER,Imperial Realty Co.,Real Estate:,,402 Abbott,"402 Abbott, Vancouver, British Columbia, Canada",49.2817596,-123.107139
VANCOUVER,India Realty & Investment Co.,Real Estate:,Dom.,Trust bldg.,"Trust bldg., Dom., Vancouver, British Columbia, Canada",,
VANCOUVER,Thos. H. Ingram,Real Estate:,,310 Hast. W.,"310 Hast. W., Vancouver, British Columbia, Canada",,
VANCOUVER,Inkster & Ward,Real Estate:,,544 Pender W.,"544 Pender W., Vancouver, British Columbia, Canada",49.2824524,-123.1114388
VANCOUVER,International Broker. Co.,Real Estate:,,517 Pender W.,"517 Pender W., Vancouver, British Columbia, Canada",49.2824524,-123.1114388
VANCOUVER,Geo. A. Jacobs,Real Estate:,,524 Pender W.,"524 Pender W., Vancouver, British Columbia, Canada",49.2836139,-123.1134644
VANCOUVER,D. Jardine,Real Estate:,,722 Hast. W.,"722 Hast. W., Vancouver, British Columbia, Canada",,
VANCOUVER,Arthur R. Jenion,Real Estate:,,430 Homer,"430 Homer, Vancouver, British Columbia, Canada",49.2828811,-123.1115235
VANCOUVER,Harry A. Johnston & Co.,Real Estate:,,422 Rich.,"422 Rich., Vancouver, British Columbia, Canada",,
VANCOUVER,Johnston & Johnston,Real Estate:,,563 Geo.,"563 Geo., Vancouver, British Columbia, Canada",49.0329787,-122.7770448
VANCOUVER,"Johnston, Gray & Donald",Real Estate:,Dom. Tr. bld.,,"Dom. Tr. bld., Vancouver, British Columbia, Canada",,
VANCOUVER,Arthur Jones & Geo. H. Smith,Real Estate:,,423 Ham.,"423 Ham., Vancouver, British Columbia, Canada",,
VANCOUVER,E. Jones,Real Estate:,,2601 Gran.,"2601 Gran., Vancouver, British Columbia, Canada",,
VANCOUVER,H. A. Jones,Real Estate:,,407 Cord.,"407 Cord., Vancouver, British Columbia, Canada",49.292316,-122.7980963
VANCOUVER,John D. Kearns,Real Estate:,,543 Gran.,"543 Gran., Vancouver, British Columbia, Canada",,
VANCOUVER,Keillor & Elliott,Real Estate:,,150 Hast. W.,"150 Hast. W., Vancouver, British Columbia, Canada",,
VANCOUVER,Keiran & Mason,Real Estate:,,543 Gran.,"543 Gran., Vancouver, British Columbia, Canada",,
VANCOUVER,Geo. A. Kendall,Real Estate:,,3058 Woodland,"3058 Woodland, Vancouver, British Columbia, Canada",,
VANCOUVER,G. S. Kennedy & Co.,Real Estate:,,3636 Hast. E.,"3636 Hast. E., Vancouver, British Columbia, Canada",,
VANCOUVER,Kennedy & Templer,Real Estate:,,25 Hast. E.,"25 Hast. E., Vancouver, British Columbia, Canada",,
VANCOUVER,Kerfoot & Osborne,Real Estate:,,584 Richards,"584 Richards, Vancouver, British Columbia, Canada",49.2795899,-123.1187231
VANCOUVER,J. A. Kerr & Co.,Real Estate:,,3326 Main,"3326 Main, Vancouver, British Columbia, Canada",,
VANCOUVER,"W. J. Kerr, Ltd.",Real Estate:,,1117 Gran.,"1117 Gran., Vancouver, British Columbia, Canada",,
VANCOUVER,Roy F. Likely,Real Estate:,,615 Pender W.,"615 Pender W., Vancouver, British Columbia, Canada",49.2824524,-123.1114388
VANCOUVER,Geo. Lloyd & Co.,Real Estate:,,142 Hast. W.,"142 Hast. W., Vancouver, British Columbia, Canada",,
VANCOUVER,J. H. Locklin,Real Estate:,,700 16th Ave. W.,"700 16th Ave. W., Vancouver, British Columbia, Canada",49.2580227,-123.1956279
VANCOUVER,E. C. Lockwood,Real Estate:,,Hast. & Main,"Hast. & Main, Vancouver, British Columbia, Canada",,
VANCOUVER,"Loewen, Harvey & Humble",Real Estate:,,420 Cambie,"420 Cambie, Vancouver, British Columbia, Canada",49.2820588,-123.109574
VANCOUVER,A. A. Logan,Real Estate:,,615 Pender W.,"615 Pender W., Vancouver, British Columbia, Canada",49.2824524,-123.1114388
VANCOUVER,London Brokerage,Real Estate:,,347 Pender W.,"347 Pender W., Vancouver, British Columbia, Canada",49.2827285,-123.1116445
VANCOUVER,Lonsdale Realty Co.,Real Estate:,,161 Cord. W.,"161 Cord. W., Vancouver, British Columbia, Canada",,
VANCOUVER,G. A. Love,Real Estate:,,2319 Gran.,"2319 Gran., Vancouver, British Columbia, Canada",,
VANCOUVER,J. F. Luno,Real Estate:,,198 Hast. W.,"198 Hast. W., Vancouver, British Columbia, Canada",,
VANCOUVER,Louis R. Lurie,Real Estate:,,"80 Hast., W.","80 Hast., W., Vancouver, British Columbia, Canada",,
VANCOUVER,D. S. Macdonald,Real Estate:,,2202 4th Ave. W.,"2202 4th Ave. W., Vancouver, British Columbia, Canada",49.2679753,-123.1554416
VANCOUVER,Macdonald & Somerton,Real Estate:,,1106 Gran.,"1106 Gran., Vancouver, British Columbia, Canada",,
VANCOUVER,J. M. Macgregor & Co.,Real Estate:,,718 Robson,"718 Robson, Vancouver, British Columbia, Canada",49.2904787,-123.1337875
VANCOUVER,Mackay Bros.,Real Estate:,,213 Hast. W.,"213 Hast. W., Vancouver, British Columbia, Canada",,
VANCOUVER,MacKenzie & McDiarmid,Real Estate:,,505 Richards,"505 Richards, Vancouver, British Columbia, Canada",49.2795899,-123.1187231
VANCOUVER,H. MacKinnon & Co.,Real Estate:,,748 Main,"748 Main, Vancouver, British Columbia, Canada",,
VANCOUVER,A. St. L. MacIntosh,Real Estate:,,"739 Hast., W.","739 Hast., W., Vancouver, British Columbia, Canada",,
VANCOUVER,MacLean & MacLean,Real Estate:,,441 Pender W.,"441 Pender W., Vancouver, British Columbia, Canada",49.2824524,-123.1114388
VANCOUVER,A. L. MCARTHUR & CO.,Real Estate:,,330 Main,"330 Main, Vancouver, British Columbia, Canada",,
VANCOUVER,G. A. McBain,Real Estate:,,429 Pender W.,"429 Pender W., Vancouver, British Columbia, Canada",49.2832609,-123.1122258
VANCOUVER,F. W. McBride,Real Estate:,,659 Harris,"659 Harris, Vancouver, British Columbia, Canada",,
VANCOUVER,J. S. McCannell,Real Estate:,,987 Gran.,"987 Gran., Vancouver, British Columbia, Canada",,
VANCOUVER,S. W. McConaughey,Real Estate:,,148 Hast. E.,"148 Hast. E., Vancouver, British Columbia, Canada",,
VANCOUVER,H. P. McCool,Real Estate:,,Horne Rd.,"Horne Rd., Vancouver, British Columbia, Canada",49.2677717,-123.0161865
VANCOUVER,McCready Bros.,Real Estate:,,744 Hast. W.,"744 Hast. W., Vancouver, British Columbia, Canada",,
VANCOUVER,McDonagh & Kennedy,Real Estate:,,Fraser,"Fraser, Vancouver, British Columbia, Canada",49.1985862,-123.0881146
VANCOUVER,C. A. McDonald,Real Estate:,,336 Hast. W.,"336 Hast. W., Vancouver, British Columbia, Canada",,
VANCOUVER,H. R. McDonald,Real Estate:,,537 Richards,"537 Richards, Vancouver, British Columbia, Canada",49.2795899,-123.1187231
VANCOUVER,McDonald & Lawrence,Real Estate:,,336 Hast. W.,"336 Hast. W., Vancouver, British Columbia, Canada",,
VANCOUVER,S. A. McDowell,Real Estate:,,400 Hast. E.,"400 Hast. E., Vancouver, British Columbia, Canada",,
VANCOUVER,McEwen & Co.,Real Estate:,,532 Pender W.,"532 Pender W., Vancouver, British Columbia, Canada",49.2824524,-123.1114388
VANCOUVER,McGarvin & Nash,Real Estate:,Dom. Trust bldg.,,"Dom. Trust bldg., Vancouver, British Columbia, Canada",,
VANCOUVER,W. McGarvin,Real Estate:,,Pandora,"Pandora, Vancouver, British Columbia, Canada",49.2823891,-123.1194519
VANCOUVER,R. McIntosh,Real Estate:,,615 Pender W.,"615 Pender W., Vancouver, British Columbia, Canada",49.2824524,-123.1114388
VANCOUVER,McIntosh & Brown,Real Estate:,,543 Gran.,"543 Gran., Vancouver, British Columbia, Canada",,
VANCOUVER,McIntosh & Garnham,Real Estate:,,198 Hast. W.,"198 Hast. W., Vancouver, British Columbia, Canada",,
VANCOUVER,McIntyre's R. E. Office,Real Estate:,,16 Hast. E.,"16 Hast. E., Vancouver, British Columbia, Canada",,
VANCOUVER,Jno. W. McIntyre & Co.,Real Estate:,,Cedar Cottage,"Cedar Cottage, Vancouver, British Columbia, Canada",49.2333896,-123.0664846
VANCOUVER,R. D. McKenzie,Real Estate:,,2651 4th W.,"2651 4th W., Vancouver, British Columbia, Canada",,
VANCOUVER,"McKim, Hamilton & Hopkins",Real Estate:,,25th & Main,"25th & Main, Vancouver, British Columbia, Canada",49.2608724,-123.113952
VANCOUVER,McLaren & Hughes,Real Estate:,,442 Richards,"442 Richards, Vancouver, British Columbia, Canada",49.2795899,-123.1187231
VANCOUVER,D. J. & Oliphant McLean,Real Estate:,,500 Pender W.,"500 Pender W., Vancouver, British Columbia, Canada",49.2824524,-123.1114388
VANCOUVER,E. W. MacLean,Real Estate:,,Boundary & Hast,"Boundary & Hast, Vancouver, British Columbia, Canada",,
VANCOUVER,McLellan & Daiber,Real Estate:,,1032 Main,"1032 Main, Vancouver, British Columbia, Canada",,
VANCOUVER,John McLeod Co.,Real Estate:,,516 Pender W.,"516 Pender W., Vancouver, British Columbia, Canada",49.2833921,-123.113138
VANCOUVER,D. A. McMillan,Real Estate:,,402 Abbott,"402 Abbott, Vancouver, British Columbia, Canada",49.2817596,-123.107139
VANCOUVER,McMillan & Hughes,Real Estate:,Dom. Tr. bldg.,,"Dom. Tr. bldg., Vancouver, British Columbia, Canada",,
VANCOUVER,McMillan & Wrinch,Real Estate:,,402 Abbott,"402 Abbott, Vancouver, British Columbia, Canada",49.2817596,-123.107139
VANCOUVER,N. McNair,Real Estate:,,620 Main,"620 Main, Vancouver, British Columbia, Canada",,
VANCOUVER,R. C. McNeill,Real Estate:,,413 Gran.,"413 Gran., Vancouver, British Columbia, Canada",,
VANCOUVER,McPherson & Fullerton Bros.,Real Estate:,,333 Pen-der W.,"333 Pen-der W., Vancouver, British Columbia, Canada",,
VANCOUVER,McRae & Omand,Real Estate:,,333 Cambie,"333 Cambie, Vancouver, British Columbia, Canada",49.2463051,-123.138393
VANCOUVER,Geo. McSpadden,Real Estate:,,1201 Park Drive,"1201 Park Drive, Vancouver, British Columbia, Canada",49.2166079,-123.1375562
VANCOUVER,"McTavish Bros., Ltd.",Real Estate:,,421 Pender W.,"421 Pender W., Vancouver, British Columbia, Canada",49.2824524,-123.1114388
VANCOUVER,Magar & Dye,Real Estate:,,1877 Barnard,"1877 Barnard, Vancouver, British Columbia, Canada",49.2077782,-123.1452032
VANCOUVER,H. W. Magee,Real Estate:,,321 Hast. E.,"321 Hast. E., Vancouver, British Columbia, Canada",,
VANCOUVER,"Mahon, McFarland & Proctor",Real Estate:,,543 Pen-der W.,"543 Pen-der W., Vancouver, British Columbia, Canada",,
VANCOUVER,Maple Leaf RI. Est. Ex.,Real Estate:,,1150 Gran.,"1150 Gran., Vancouver, British Columbia, Canada",,
VANCOUVER,Margetson Bros.,Real Estate:,,321 Homer,"321 Homer, Vancouver, British Columbia, Canada",49.2719091,-123.1264164
VANCOUVER,Marriott & Fellows,Real Estate:,,314 Hast. W.,"314 Hast. W., Vancouver, British Columbia, Canada",,
VANCOUVER,Marriott & Fellows,Real Estate:,,Cedar Cottage,"Cedar Cottage, Vancouver, British Columbia, Canada",49.2333896,-123.0664846
VANCOUVER,Martin & Shannon,Real Estate:,,163 Hast. W.,"163 Hast. W., Vancouver, British Columbia, Canada",,
VANCOUVER,H. F. Maskell,Real Estate:,,543 Gran.,"543 Gran., Vancouver, British Columbia, Canada",,
VANCOUVER,S. H. J. Mason,Real Estate:,,37th & Main,"37th & Main, Vancouver, British Columbia, Canada",,
VANCOUVER,Matheson & Chase,Real Estate:,,336 Cambie,"336 Cambie, Vancouver, British Columbia, Canada",49.2463051,-123.138393
VANCOUVER,"Mathews, Ellis & Bremner",Real Estate:,,318 Homer,"318 Homer, Vancouver, British Columbia, Canada",49.2837754,-123.1100735
VANCOUVER,Maxwell & King,Real Estate:,,910 Gran.,"910 Gran., Vancouver, British Columbia, Canada",,
VANCOUVER,Maxwell & Lefeuvre,Real Estate:,,2238 Gran.,"2238 Gran., Vancouver, British Columbia, Canada",,
VANCOUVER,G. A. Meeker,Real Estate:,,344 Pender W.,"344 Pender W., Vancouver, British Columbia, Canada",49.2825343,-123.111842
VANCOUVER,"Melhuish, Kirchner & Co.",Real Estate:,,800 Gran.,"800 Gran., Vancouver, British Columbia, Canada",,
VANCOUVER,Melita Land Co.,Real Estate:,,Park Drive,"Park Drive, Vancouver, British Columbia, Canada",49.2166079,-123.1375562
VANCOUVER,C. L. Merritt & Co.,Real Estate:,,410 Homer,"410 Homer, Vancouver, British Columbia, Canada",49.2719091,-123.1264164
VANCOUVER,C. M. Merritt,Real Estate:,,408 Homer,"408 Homer, Vancouver, British Columbia, Canada",49.2719091,-123.1264164
VANCOUVER,Merritt & Worsnop,Real Estate:,,514 Pender W.,"514 Pender W., Vancouver, British Columbia, Canada",49.2902043,-123.1297984
VANCOUVER,A. J. Michie,Real Estate:,,163 Hast. W.,"163 Hast. W., Vancouver, British Columbia, Canada",,
VANCOUVER,M. R. Miller,Real Estate:,,12 Hast. E.,"12 Hast. E., Vancouver, British Columbia, Canada",,
VANCOUVER,Mills Bros.,Real Estate:,,2007 Gran.,"2007 Gran., Vancouver, British Columbia, Canada",,
VANCOUVER,W. C. Mitchell,Real Estate:,,535 Pender W.,"535 Pender W., Vancouver, British Columbia, Canada",49.2837386,-123.1131665
VANCOUVER,Mole & Keefer,Real Estate:,,1065 Gran.,"1065 Gran., Vancouver, British Columbia, Canada",,
VANCOUVER,W. F. Moncrieff & Co.,Real Estate:,,739 Hast. W.,"739 Hast. W., Vancouver, British Columbia, Canada",,
VANCOUVER,Monroe & Band,Real Estate:,,2607 Main,"2607 Main, Vancouver, British Columbia, Canada",,
VANCOUVER,H. J. Moore,Real Estate:,,506 Dunsmuir,"506 Dunsmuir, Vancouver, British Columbia, Canada",49.2771225,-123.098039
VANCOUVER,W. G. Moore,Real Estate:,,198 Hast. W.,"198 Hast. W., Vancouver, British Columbia, Canada",,
VANCOUVER,Moore & Nichols,Real Estate:,,1900 Park Drive,"1900 Park Drive, Vancouver, British Columbia, Canada",49.2166079,-123.1375562
VANCOUVER,Morden & Thornton,Real Estate:,,446 Homer,"446 Homer, Vancouver, British Columbia, Canada",49.2719091,-123.1264164
VANCOUVER,E. B. Morgan & Co.,Real Estate:,,448 Seymour,"448 Seymour, Vancouver, British Columbia, Canada",49.2824128,-123.1162884
VANCOUVER,Morlock & Knowles,Real Estate:,,632 Gran.,"632 Gran., Vancouver, British Columbia, Canada",,
VANCOUVER,M. G. Morrison & Co.,Real Estate:,,536 Hast. W.,"536 Hast. W., Vancouver, British Columbia, Canada",,
VANCOUVER,Mt. Pleasant Brokerage,Real Estate:,,2718 Main,"2718 Main, Vancouver, British Columbia, Canada",,
VANCOUVER,J. J. Mulhall & Co.,Real Estate:,,429 Pender W.,"429 Pender W., Vancouver, British Columbia, Canada",49.2832609,-123.1122258
VANCOUVER,Albert E. Mullett,Real Estate:,,719 Pender W.,"719 Pender W., Vancouver, British Columbia, Canada",49.2902043,-123.1297984
VANCOUVER,S. F. Munson & Co.,Real Estate:,,333 Pender W.,"333 Pender W., Vancouver, British Columbia, Canada",49.2902043,-123.1297984
VANCOUVER,W. J. Murdock,Real Estate:,,879 Hast. E.,"879 Hast. E., Vancouver, British Columbia, Canada",,
VANCOUVER,Lawrence F. Murphy,Real Estate:,,532 Gran.,"532 Gran., Vancouver, British Columbia, Canada",,
VANCOUVER,Kenneth Murray,Real Estate:,,615 Pender W.,"615 Pender W., Vancouver, British Columbia, Canada",49.2902043,-123.1297984
VANCOUVER,Murray & Rosie,Real Estate:,,516 Richards,"516 Richards, Vancouver, British Columbia, Canada",49.2829707,-123.1133219
VANCOUVER,Harry Musclow,Real Estate:,,12 Hast. E.,"12 Hast. E., Vancouver, British Columbia, Canada",,
VANCOUVER,Naffzinger & Duerr,Real Estate:,,63 Broadway E.,"63 Broadway E., Vancouver, British Columbia, Canada",,
VANCOUVER,Nasmith & Drummond,Real Estate:,,429 Pender W.,"429 Pender W., Vancouver, British Columbia, Canada",49.2832609,-123.1122258
VANCOUVER,National Real Estate,Real Estate:,,333 Cambie,"333 Cambie, Vancouver, British Columbia, Canada",49.2463051,-123.138393
VANCOUVER,Natural Resources Secur'y Co.,Real Estate:,,543 Gran.,"543 Gran., Vancouver, British Columbia, Canada",,
VANCOUVER,Neilson & Berry,Real Estate:,,432 Homer,"432 Homer, Vancouver, British Columbia, Canada",49.2828415,-123.1115921
VANCOUVER,Neilson & Berry,Real Estate:,Dom. Tr. bldg.,,"Dom. Tr. bldg., Vancouver, British Columbia, Canada",,
VANCOUVER,Robt. Nesbit,Real Estate:,,441 Seymour,"441 Seymour, Vancouver, British Columbia, Canada",49.2824128,-123.1162884
VANCOUVER,"Newberry, The Land Merchant",Real Estate:,,517 Ham.,"517 Ham., Vancouver, British Columbia, Canada",,
VANCOUVER,A. Francis Nichol & Co.,Real Estate:,,532 Gran.,"532 Gran., Vancouver, British Columbia, Canada",,
VANCOUVER,W. D. Nickerson,Real Estate:,,934 Gran.,"934 Gran., Vancouver, British Columbia, Canada",,
VANCOUVER,Nixon & Co.,Real Estate:,,159 Cord. W.,"159 Cord. W., Vancouver, British Columbia, Canada",,
VANCOUVER,Robt. Nisbet,Real Estate:,,441 Seymour,"441 Seymour, Vancouver, British Columbia, Canada",49.2824128,-123.1162884
VANCOUVER,"Nixon, Patton & McLean",Real Estate:,,2900 Main,"2900 Main, Vancouver, British Columbia, Canada",,
VANCOUVER,North Coast Land Co.,Real Estate:,,739 Hast. W.,"739 Hast. W., Vancouver, British Columbia, Canada",,
VANCOUVER,"Northern Securities, Ltd.",Real Estate:,,529 Pender W.,"529 Pender W., Vancouver, British Columbia, Canada",49.2837054,-123.1131194
VANCOUVER,"Northey, Thomas & Co.",Real Estate:,,430 Homer,"430 Homer, Vancouver, British Columbia, Canada",49.2828811,-123.1115235
VANCOUVER,Northey & Wooley,Real Estate:,,25 Hast. W.,"25 Hast. W., Vancouver, British Columbia, Canada",,
VANCOUVER,J. S. O'Brian & Co.,Real Estate:,,542 Pender W.,"542 Pender W., Vancouver, British Columbia, Canada",49.2902043,-123.1297984
VANCOUVER,E. A. O'Connor,Real Estate:,,2922 Main,"2922 Main, Vancouver, British Columbia, Canada",,
VANCOUVER,E. Odlum,Real Estate:,,1542 Park Drive,"1542 Park Drive, Vancouver, British Columbia, Canada",49.2166079,-123.1375562
VANCOUVER,C. Otto Olive,Real Estate:,,12 Hast. E.,"12 Hast. E., Vancouver, British Columbia, Canada",,
VANCOUVER,Oriental Realty Co.,Real Estate:,,445 Carrall,"445 Carrall, Vancouver, British Columbia, Canada",49.2819791,-123.1043245
VANCOUVER,Lewis D. Orr & Co.,Real Estate:,,508 Dunsmuir,"508 Dunsmuir, Vancouver, British Columbia, Canada",49.2771225,-123.098039
VANCOUVER,Joseph E. Osborne,Real Estate:,,410 Homer,"410 Homer, Vancouver, British Columbia, Canada",49.2719091,-123.1264164
VANCOUVER,Pacific Land Co.,Real Estate:,,434 Homer,"434 Homer, Vancouver, British Columbia, Canada",49.2828153,-123.1116312
VANCOUVER,S. P. Panton,Real Estate:,,328 Columbia,"328 Columbia, Vancouver, British Columbia, Canada",49.2842936,-123.1095896
VANCOUVER,Panton & Emsley,Real Estate:,,328 Columbia,"328 Columbia, Vancouver, British Columbia, Canada",49.2842936,-123.1095896
VANCOUVER,Parsons & Clarke,Real Estate:,,445 Gran.,"445 Gran., Vancouver, British Columbia, Canada",,
VANCOUVER,Patterson & Rutter,Real Estate:,,400 Main,"400 Main, Vancouver, British Columbia, Canada",,
VANCOUVER,Frank Paxton Co.,Real Estate:,,525 Pender W.,"525 Pender W., Vancouver, British Columbia, Canada",49.2836778,-123.113071
VANCOUVER,"Peers, Ramsay & Norman",Real Estate:,,347 Pender W.,"347 Pender W., Vancouver, British Columbia, Canada",49.2827285,-123.1116445
VANCOUVER,Pemberton & Son,Real Estate:,,326 Homer,"326 Homer, Vancouver, British Columbia, Canada",49.2719091,-123.1264164
VANCOUVER,John W. Percival,Real Estate:,,544 Pender W.,"544 Pender W., Vancouver, British Columbia, Canada",49.2902043,-123.1297984
VANCOUVER,Perowne & Clay,Real Estate:,,430 Richards,"430 Richards, Vancouver, British Columbia, Canada",49.2765849,-123.1232626
VANCOUVER,R. D. Rorison & Son,Real Estate:,,786 Gran.,"786 Gran., Vancouver, British Columbia, Canada",,
VANCOUVER,A. M. Ross,Real Estate:,,3400 Main,"3400 Main, Vancouver, British Columbia, Canada",,
VANCOUVER,Ross & Shaw,Real Estate:,,318 Hast. W.,"318 Hast. W., Vancouver, British Columbia, Canada",,
VANCOUVER,Rothwell Realty Co.,Real Estate:,,614 Hast. W.,"614 Hast. W., Vancouver, British Columbia, Canada",,
VANCOUVER,"Russell, James & Yellowless",Real Estate:,,543 Gran.,"543 Gran., Vancouver, British Columbia, Canada",,
VANCOUVER,J. Saint,Real Estate:,,777 Broadway E.,"777 Broadway E., Vancouver, British Columbia, Canada",,
VANCOUVER,A. N. Sandell & Co.,Real Estate:,,543 Gran.,"543 Gran., Vancouver, British Columbia, Canada",,
VANCOUVER,C. Wentworth Sarel,Real Estate:,,536 Hast. W.,"536 Hast. W., Vancouver, British Columbia, Canada",,
VANCOUVER,Arthur J. Scott,Real Estate:,,118 Hast. W.,"118 Hast. W., Vancouver, British Columbia, Canada",,
VANCOUVER,Scott Brokerage Co.,Real Estate:,,147 Hast. E.,"147 Hast. E., Vancouver, British Columbia, Canada",,
VANCOUVER,G. D. Scott,Real Estate:,,436 Gran.,"436 Gran., Vancouver, British Columbia, Canada",,
VANCOUVER,H. Seath,Real Estate:,,1084 Denman,"1084 Denman, Vancouver, British Columbia, Canada",49.2894222,-123.1386366
VANCOUVER,"Seymour, Allan, Storry & Blair",Real Estate:,,412 Hast. W.,"412 Hast. W., Vancouver, British Columbia, Canada",,
VANCOUVER,G. A. Share,Real Estate:,,113 Hast. E.,"113 Hast. E., Vancouver, British Columbia, Canada",,
VANCOUVER,G. A. Share,Real Estate:,,626 Main,"626 Main, Vancouver, British Columbia, Canada",,
VANCOUVER,Sharples & Sharples,Real Estate:,,416 Seymour,"416 Seymour, Vancouver, British Columbia, Canada",49.2824128,-123.1162884
VANCOUVER,Sheehan & Duffy,Real Estate:,,744 Hast. W.,"744 Hast. W., Vancouver, British Columbia, Canada",,
VANCOUVER,F. Shields,Real Estate:,,413 Gran.,"413 Gran., Vancouver, British Columbia, Canada",,
VANCOUVER,Shirley & Shirley,Real Estate:,,500 Pender W.,"500 Pender W., Vancouver, British Columbia, Canada",49.2902043,-123.1297984
VANCOUVER,T. B. Shoebotham,Real Estate:,,198 Hast. W.,"198 Hast. W., Vancouver, British Columbia, Canada",,
VANCOUVER,Short & Seymour,Real Estate:,,319 Homer,"319 Homer, Vancouver, British Columbia, Canada",49.2719091,-123.1264164
VANCOUVER,Singh Realty Co.,Real Estate:,,47th ave.,"47th ave., Vancouver, British Columbia, Canada",49.2293393,-123.16953
VANCOUVER,Smith Brokerage Co.,Real Estate:,,246 Hast. E.,"246 Hast. E., Vancouver, British Columbia, Canada",,
VANCOUVER,Chas. E. Smith,Real Estate:,,1509 Park Drive,"1509 Park Drive, Vancouver, British Columbia, Canada",49.2166079,-123.1375562
VANCOUVER,Geo. H. Smith & Arthur Jones,Real Estate:,,423 Ham.,"423 Ham., Vancouver, British Columbia, Canada",,
VANCOUVER,Jas. T. Smith,Real Estate:,,402 Abbott,"402 Abbott, Vancouver, British Columbia, Canada",49.2817596,-123.107139
VANCOUVER,Marshal Smith,Real Estate:,,198 Hast. W.,"198 Hast. W., Vancouver, British Columbia, Canada",,
VANCOUVER,Walter H. Smith & Co.,Real Estate:,,621 Pender W.,"621 Pender W., Vancouver, British Columbia, Canada",49.2844653,-123.1142892
VANCOUVER,Smith & Smith,Real Estate:,,532 Pender W.,"532 Pender W., Vancouver, British Columbia, Canada",49.2902043,-123.1297984
VANCOUVER,Snodgrass & Ellis,Real Estate:,,428 Richards,"428 Richards, Vancouver, British Columbia, Canada",49.2765849,-123.1232626
VANCOUVER,South Hill Brokerage,Real Estate:,,Ferris Road,"Ferris Road, Vancouver, British Columbia, Canada",,
VANCOUVER,J. E. L. St. Clere,Real Estate:,,536 Hast. W.,"536 Hast. W., Vancouver, British Columbia, Canada",,
VANCOUVER,Chas. Steele Realty Co.,Real Estate:,,525 Pender W.,"525 Pender W., Vancouver, British Columbia, Canada",49.2836778,-123.113071
VANCOUVER,Steele & McCabe,Real Estate:,,333 Cambie,"333 Cambie, Vancouver, British Columbia, Canada",49.2463051,-123.138393
VANCOUVER,"George H. Steeves, Ltd.",Real Estate:,Dom. Tr. bldg.,,"Dom. Tr. bldg., Vancouver, British Columbia, Canada",,
VANCOUVER,G. A. Stephens,Real Estate:,,Westr. Road,"Westr. Road, Vancouver, British Columbia, Canada",,
VANCOUVER,Paul Stephenson,Real Estate:,,47 Hast. W.,"47 Hast. W., Vancouver, British Columbia, Canada",,
VANCOUVER,R. K. Steven,Real Estate:,,744 Hast. W.,"744 Hast. W., Vancouver, British Columbia, Canada",,
VANCOUVER,John T. Stevens Tr. Co.,Real Estate:,O.,333 Cambie,"333 Cambie, O., Vancouver, British Columbia, Canada",,
VANCOUVER,Hector A. Stewart,Real Estate:,,142 Hast. W.,"142 Hast. W., Vancouver, British Columbia, Canada",,
VANCOUVER,Stewart & Elliott,Real Estate:,,2343 Gran.,"2343 Gran., Vancouver, British Columbia, Canada",,
VANCOUVER,Stoleker Rlty. Co.,Real Estate:,O.,"213 Hast, E.","213 Hast, E., O., Vancouver, British Columbia, Canada",,
VANCOUVER,Stonehouse & Co.,Real Estate:,,2043 Gran.,"2043 Gran., Vancouver, British Columbia, Canada",,
VANCOUVER,J. Newton Storry,Real Estate:,,412 Hast. W.,"412 Hast. W., Vancouver, British Columbia, Canada",,
VANCOUVER,Street & Hunter,Real Estate:,,302 Broadway W.,"302 Broadway W., Vancouver, British Columbia, Canada",,
VANCOUVER,F. Stubbs & Son,Real Estate:,,"3671 4th ave., W.","3671 4th ave., W., Vancouver, British Columbia, Canada",,
VANCOUVER,Gordon Tanner,Real Estate:,,932 Gran.,"932 Gran., Vancouver, British Columbia, Canada",,
VANCOUVER,Taplin & Tucker,Real Estate:,,2119 Yew,"2119 Yew, Vancouver, British Columbia, Canada",49.272141,-123.1550023
VANCOUVER,Taylor & Iloot,Real Estate:,,445 Gran.,"445 Gran., Vancouver, British Columbia, Canada",,
VANCOUVER,Thacker & Thornton,Real Estate:,,739 Hast. W.,"739 Hast. W., Vancouver, British Columbia, Canada",,
VANCOUVER,Third & Dodds,Real Estate:,,25th & Main,"25th & Main, Vancouver, British Columbia, Canada",49.2608724,-123.113952
VANCOUVER,Thompson Co.,Real Estate:,,590 Broadway W.,"590 Broadway W., Vancouver, British Columbia, Canada",,
VANCOUVER,B. N. Thomson,Real Estate:,,901 Park Drive,"901 Park Drive, Vancouver, British Columbia, Canada",49.2166079,-123.1375562
VANCOUVER,Thorgrimson & Johnson,Real Estate:,,532 Pend. W.,"532 Pend. W., Vancouver, British Columbia, Canada",,
VANCOUVER,Title Guarantee & Realty Co.,Real Estate:,,343 Pender W.,"343 Pender W., Vancouver, British Columbia, Canada",49.2902043,-123.1297984
VANCOUVER,C. R. Townley,Real Estate:,,501 Hast. W.,"501 Hast. W., Vancouver, British Columbia, Canada",,
VANCOUVER,Townshend & Board,Real Estate:,,615 Pender W.,"615 Pender W., Vancouver, British Columbia, Canada",49.2902043,-123.1297984
VANCOUVER,Trimble & Norris,Real Estate:,,2503 Westr. Jct. Rd.,"2503 Westr. Jct. Rd., Vancouver, British Columbia, Canada",,
VANCOUVER,Trust & Mortgage Corp.,Real Estate:,,134 Hast St.,"134 Hast St., Vancouver, British Columbia, Canada",,
VANCOUVER,Tullock & Wells,Real Estate:,,1519 Park Drive,"1519 Park Drive, Vancouver, British Columbia, Canada",49.2166079,-123.1375562
VANCOUVER,Tulloch & Wells,Real Estate:,,1519 Park Drive,"1519 Park Drive, Vancouver, British Columbia, Canada",49.2166079,-123.1375562
VANCOUVER,United Western Property,Real Estate:,,"739 Hast, W.","739 Hast, W., Vancouver, British Columbia, Canada",,
VANCOUVER,Upton & Heighton,Real Estate:,,167 Pender W.,"167 Pender W., Vancouver, British Columbia, Canada",49.2902043,-123.1297984
VANCOUVER,John Ure,Real Estate:,,698 Hast. W.,"698 Hast. W., Vancouver, British Columbia, Canada",,
VANCOUVER,Mackenzie Urquhart,Real Estate:,,615 Hast. W.,"615 Hast. W., Vancouver, British Columbia, Canada",,
VANCOUVER,"Vancr. Brokerage, Ltd.",Real Estate:,,62 Hast. E.,"62 Hast. E., Vancouver, British Columbia, Canada",,
VANCOUVER,Vancr. Colonization Co.,Real Estate:,,524 Pender W.,"524 Pender W., Vancouver, British Columbia, Canada",49.2836139,-123.1134644
VANCOUVER,"Vancr. Financial Corp., Ltd.",Real Estate:,Dom.,Trust bldg.,"Trust bldg., Dom., Vancouver, British Columbia, Canada",,
VANCOUVER,Vancr. Land & Improvement Co.,Real Estate:,,440 Seymour,"440 Seymour, Vancouver, British Columbia, Canada",49.2824128,-123.1162884
VANCOUVER,Vancr. Locators,Real Estate:,,148 Hast. E.,"148 Hast. E., Vancouver, British Columbia, Canada",,
VANCOUVER,Vancouver Rental Agency,Real Estate:,,415 Richards,"415 Richards, Vancouver, British Columbia, Canada",49.2765849,-123.1232626
VANCOUVER,"Vaner. Trust Co., Ltd.",Real Estate:,,614 Pender W.,"614 Pender W., Vancouver, British Columbia, Canada",49.2840283,-123.1144384
VANCOUVER,Vernon Bros.,Real Estate:,,817 Gran.,"817 Gran., Vancouver, British Columbia, Canada",,
VANCOUVER,Victor Brokerage & Trust Co.,Real Estate:,,445 Gran.,"445 Gran., Vancouver, British Columbia, Canada",,
VANCOUVER,A. J. Volvert,Real Estate:,,2208 Gran.,"2208 Gran., Vancouver, British Columbia, Canada",,
VANCOUVER,S. C. Vosper,Real Estate:,,2483 McGill,"2483 McGill, Vancouver, British Columbia, Canada",49.2885321,-123.0384783
VANCOUVER,Waine & Jones,Real Estate:,,543 Gran.,"543 Gran., Vancouver, British Columbia, Canada",,
VANCOUVER,C. Wakley,Real Estate:,,441 Pender.W.,"441 Pender.W., Vancouver, British Columbia, Canada",49.2902043,-123.1297984
VANCOUVER,Walker Bros.,Real Estate:,,Main,"Main, Vancouver, British Columbia, Canada",,
VANCOUVER,Walker Bros.,Real Estate:,,341 Cambie,"341 Cambie, Vancouver, British Columbia, Canada",49.2463051,-123.138393
VANCOUVER,Waller Bros.,Real Estate:,,421 Richards,"421 Richards, Vancouver, British Columbia, Canada",49.2765849,-123.1232626
VANCOUVER,Walsh Inv. Co.,Real Estate:,O.,"198 Hast, W.","198 Hast, W., O., Vancouver, British Columbia, Canada",,
VANCOUVER,"Warden, Maxwell & King",Real Estate:,,571 Ham.,"571 Ham., Vancouver, British Columbia, Canada",,
VANCOUVER,A. R. Waterfall & Co.,Real Estate:,,698 Hast. W.,"698 Hast. W., Vancouver, British Columbia, Canada",,
VANCOUVER,W. J. Waters,Real Estate:,,814 Hast. W.,"814 Hast. W., Vancouver, British Columbia, Canada",,
VANCOUVER,Waterson & Russel,Real Estate:,,160 Hast. W.,"160 Hast. W., Vancouver, British Columbia, Canada",,
VANCOUVER,Alfred Watson,Real Estate:,,739 Hast. W.,"739 Hast. W., Vancouver, British Columbia, Canada",,
VANCOUVER,F. Way,Real Estate:,,North Arm Road,"North Arm Road, Vancouver, British Columbia, Canada",,
VANCOUVER,Welch Realty Co.,Real Estate:,,43 Homer,"43 Homer, Vancouver, British Columbia, Canada",49.2789421,-123.1177163
VANCOUVER,Welchel & Berry,Real Estate:,,615 Pender W.,"615 Pender W., Vancouver, British Columbia, Canada",49.2824524,-123.1114388
VANCOUVER,West Shore & Northern Land Co.,Real Estate:,,448 Seymour,"448 Seymour, Vancouver, British Columbia, Canada",49.2833395,-123.114896
VANCOUVER,C. W. White,Real Estate:,,615 Hast. W.,"615 Hast. W., Vancouver, British Columbia, Canada",,
VANCOUVER,W. S. Whiteside & Son,Real Estate:,,1606 Park Drive,"1606 Park Drive, Vancouver, British Columbia, Canada",49.2166079,-123.1375562
VANCOUVER,Whitley & Smith,Real Estate:,,2446 Main,"2446 Main, Vancouver, British Columbia, Canada",,
VANCOUVER,R. Whitney,Real Estate:,Dom. Trust bldg.,,"Dom. Trust bldg., Vancouver, British Columbia, Canada",,
VANCOUVER,Albert Whyte,Real Estate:,,448 Seymour,"448 Seymour, Vancouver, British Columbia, Canada",49.2833395,-123.114896
VANCOUVER,H. P. Wickwire,Real Estate:,,63 Pender W.,"63 Pender W., Vancouver, British Columbia, Canada",49.2824524,-123.1114388
VANCOUVER,Williams & Murdoff,Real Estate:,,508 Hast. W.,"508 Hast. W., Vancouver, British Columbia, Canada",,
VANCOUVER,A. N. Wilmot & Co.,Real Estate:,,436 Hast. W.,"436 Hast. W., Vancouver, British Columbia, Canada",,
VANCOUVER,Chas. W. Wilson,Real Estate:,,415 Gran.,"415 Gran., Vancouver, British Columbia, Canada",,
VANCOUVER,J. R. Wilson,Real Estate:,,563 Geo.,"563 Geo., Vancouver, British Columbia, Canada",49.0329787,-122.7770448
VANCOUVER,Wilson & Yeandle,Real Estate:,,524 Pender W.,"524 Pender W., Vancouver, British Columbia, Canada",49.2836139,-123.1134644
VANCOUVER,Winram & Jones,Real Estate:,,3150 Bridge,"3150 Bridge, Vancouver, British Columbia, Canada",,
VANCOUVER,"Witcomb, Conway & Brettell, Ltd.",Real Estate:,,528 Pender W.,"528 Pender W., Vancouver, British Columbia, Canada",49.2824524,-123.1114388
VANCOUVER,Frank E. Woodside,Real Estate:,,Eton,"Eton, Vancouver, British Columbia, Canada",49.2875221,-123.0592318
VANCOUVER,Wright Investment Co.,Real Estate:,Dom. Trust bld.,,"Dom. Trust bld., Vancouver, British Columbia, Canada",,
VANCOUVER,M. Yamada,Real Estate:,,377 Powell,"377 Powell, Vancouver, British Columbia, Canada",49.2833523,-123.0958379
VANCOUVER,Yorkshire Guarantee & Securities Corporation,Real Estate:,,440 Seymour,"440 Seymour, Vancouver, British Columbia, Canada",49.2833395,-123.114896
VANCOUVER,Herbert White,Real Estate:,,543 Granville,"543 Granville, Vancouver, British Columbia, Canada",49.2843202,-123.1158259
VANCOUVER,Yukon Realty,Real Estate:,,26th & Main,"26th & Main, Vancouver, British Columbia, Canada",,
